{
    "best_inaccuracy": "25",
    "best_weighted_inaccuracy": "0.27524590301604823",
    "best_tree_decisions": "{\"0\": -1, \"2\": -1, \"4\": -1, \"9\": -1, \"16\": -1, \"23\": -1, \"24\": -1, \"30\": -1, \"31\": -1, \"34\": -1, \"37\": -1, \"38\": -1, \"41\": -1, \"42\": -1, \"43\": -1, \"47\": -1, \"48\": -1, \"51\": -1, \"52\": -1, \"53\": -1, \"55\": -1, \"57\": -1, \"58\": -1, \"59\": -1, \"60\": -1, \"61\": -1, \"63\": -1, \"64\": -1, \"65\": -1, \"67\": -1, \"68\": -1, \"69\": -1, \"70\": -1, \"71\": -1, \"73\": -1, \"74\": -1, \"75\": -1, \"77\": -1, \"79\": -1, \"1\": 1, \"7\": 1, \"8\": 1, \"12\": 1, \"17\": 1, \"28\": 1, \"40\": 1, \"45\": 1, \"62\": 1, \"66\": 1, \"3\": 1, \"5\": 1, \"19\": 1, \"21\": 1, \"27\": 1, \"29\": 1, \"39\": 1, \"49\": 1, \"50\": 1, \"56\": 1, \"76\": 1, \"6\": 1, \"10\": 1, \"11\": 1, \"13\": 1, \"14\": 1, \"15\": 1, \"18\": 1, \"20\": 1, \"22\": 1, \"25\": 1, \"26\": 1, \"32\": 1, \"33\": 1, \"35\": 1, \"36\": 1, \"44\": 1, \"46\": 1, \"54\": 1, \"72\": 1, \"78\": 1}",
    "best_feature_split_index": "439",
    "best_tree_index": "0",
    "best_leaf_perm_index": "2",
    "best_feature_perm": "[\"F12\", \"F20\", \"F22\"]",
    "best_leaf_perm": "[1, 1, -1, 1]",
    "weights": "[0.007544715514498373, 0.007544715514498373, 0.007544715514498373, 0.007544715514498373, 0.007544715514498373, 0.007544715514498373, 0.007544715514498373, 0.007544715514498373, 0.007544715514498373, 0.007544715514498373, 0.007544715514498373, 0.007544715514498373, 0.03642072056569467, 0.007544715514498373, 0.007544715514498373, 0.007544715514498373, 0.007544715514498373, 0.03642072056569467, 0.007544715514498373, 0.03642072056569467, 0.007544715514498373, 0.007544715514498373, 0.007544715514498373, 0.007544715514498373, 0.007544715514498373, 0.007544715514498373, 0.03642072056569467, 0.03642072056569467, 0.03642072056569467, 0.007544715514498373, 0.03642072056569467, 0.03642072056569467, 0.007544715514498373, 0.007544715514498373, 0.007544715514498373, 0.007544715514498373, 0.007544715514498373, 0.007544715514498373, 0.03642072056569467, 0.007544715514498373, 0.007544715514498373, 0.007544715514498373, 0.007544715514498373, 0.007544715514498373, 0.007544715514498373, 0.007544715514498373, 0.007544715514498373, 0.03642072056569467, 0.007544715514498373, 0.007544715514498373, 0.007544715514498373, 0.007544715514498373, 0.007544715514498373, 0.007544715514498373, 0.007544715514498373, 0.007544715514498373, 0.007544715514498373, 0.03642072056569467, 0.007544715514498373, 0.007544715514498373, 0.03642072056569467, 0.007544715514498373, 0.007544715514498373, 0.007544715514498373, 0.007544715514498373, 0.007544715514498373, 0.007544715514498373, 0.007544715514498373, 0.007544715514498373, 0.007544715514498373, 0.03642072056569467, 0.03642072056569467, 0.007544715514498373, 0.03642072056569467, 0.007544715514498373, 0.007544715514498373, 0.007544715514498373, 0.007544715514498373, 0.007544715514498373, 0.007544715514498373]",
    "alpha_t": "0.48408376492371613"
}